overall_rating,potential,preferred_foot,attacking_work_rate,defensive_work_rate,crossing,finishing,heading_accuracy,short_passing,volleys,dribbling,curve,free_kick_accuracy,long_passing,ball_control,acceleration,sprint_speed,agility,reactions,balance,shot_power,jumping,stamina,strength,long_shots,aggression,interceptions,positioning,vision,penalties,marking,standing_tackle,sliding_tackle,gk_diving,gk_handling,gk_kicking,gk_positioning,gk_reflexes,player_name,Position
70.0,70.0,right,medium,high,26.0,53.0,76.0,76.0,32.0,64.0,44.0,66.0,69.0,65.0,49.0,67.0,55.0,67.0,59.0,47.0,75.0,70.0,73.0,25.0,70.0,71.0,58.0,61.0,34.0,68.0,74.0,73.0,7.0,5.0,13.0,13.0,13.0,Adrien Silva,Midfielder
75.0,78.0,right,medium,medium,74.0,69.0,46.0,79.0,65.0,73.0,73.0,78.0,79.0,73.0,69.0,71.0,71.0,66.0,67.0,70.0,72.0,83.0,64.0,72.0,75.0,63.0,73.0,81.0,73.0,56.0,65.0,62.0,11.0,8.0,12.0,11.0,12.0,Ager Aketxe,Midfielder
71.0,76.0,right,medium,medium,70.0,64.0,46.0,74.0,65.0,67.0,73.0,78.0,68.0,72.0,69.0,71.0,71.0,66.0,65.0,70.0,72.0,83.0,62.0,72.0,75.0,62.0,64.0,76.0,72.0,56.0,65.0,62.0,11.0,8.0,12.0,11.0,12.0,Ahmed El Mohamady,Midfielder
66.0,72.0,right,medium,medium,64.0,63.0,45.0,70.0,64.0,66.0,69.0,76.0,66.0,70.0,69.0,71.0,71.0,65.0,65.0,68.0,72.0,79.0,62.0,68.0,66.0,54.0,55.0,68.0,63.0,52.0,56.0,44.0,10.0,7.0,11.0,10.0,11.0,Ahmed Hegazy,Defender
66.0,72.0,right,medium,medium,64.0,63.0,45.0,70.0,64.0,66.0,69.0,76.0,66.0,70.0,69.0,71.0,71.0,65.0,65.0,68.0,72.0,79.0,62.0,68.0,66.0,54.0,55.0,68.0,63.0,52.0,56.0,44.0,10.0,7.0,11.0,10.0,11.0,Ahmed Hegazy,Forward
79.0,85.0,right,high,high,74.0,74.0,55.0,83.0,73.0,81.0,64.0,70.0,82.0,82.0,72.0,68.0,74.0,74.0,75.0,81.0,63.0,92.0,69.0,74.0,73.0,66.0,78.0,81.0,76.0,62.0,72.0,65.0,6.0,11.0,5.0,10.0,8.0,Alberto Bueno,Forward
77.0,84.0,right,medium,high,74.0,67.0,55.0,83.0,70.0,79.0,64.0,70.0,81.0,79.0,76.0,75.0,72.0,72.0,70.0,73.0,63.0,83.0,67.0,74.0,58.0,66.0,73.0,82.0,76.0,56.0,66.0,61.0,6.0,11.0,5.0,10.0,8.0,Alberto Moreno,Defender
65.0,70.0,left,high,medium,62.0,26.0,59.0,65.0,25.0,66.0,57.0,58.0,47.0,62.0,72.0,74.0,75.0,62.0,68.0,59.0,63.0,81.0,70.0,30.0,65.0,55.0,49.0,50.0,40.0,63.0,64.0,64.0,9.0,11.0,12.0,8.0,9.0,Aleix Vidal,Midfielder
69.0,70.0,right,medium,medium,65.0,62.0,65.0,68.0,70.0,70.0,64.0,63.0,53.0,71.0,72.0,76.0,65.0,69.0,60.0,69.0,62.0,60.0,81.0,69.0,66.0,30.0,67.0,50.0,68.0,29.0,37.0,36.0,10.0,6.0,11.0,6.0,7.0,Alex Sandro,Defender
70.0,71.0,right,medium,medium,62.0,63.0,60.0,77.0,62.0,75.0,66.0,49.0,74.0,75.0,73.0,69.0,76.0,68.0,69.0,66.0,51.0,61.0,63.0,61.0,56.0,64.0,57.0,72.0,48.0,67.0,64.0,61.0,8.0,14.0,15.0,11.0,9.0,Alexis,Defender
70.0,73.0,right,medium,medium,61.0,62.0,59.0,76.0,61.0,76.0,65.0,48.0,73.0,77.0,75.0,73.0,77.0,67.0,69.0,65.0,55.0,66.0,62.0,60.0,55.0,63.0,56.0,71.0,47.0,66.0,63.0,60.0,7.0,13.0,14.0,10.0,8.0,Alfonso Pedraza,Midfielder
69.0,73.0,right,medium,high,61.0,64.0,64.0,74.0,62.0,74.0,72.0,43.0,63.0,76.0,80.0,75.0,79.0,63.0,66.0,65.0,54.0,62.0,62.0,61.0,67.0,59.0,54.0,70.0,46.0,63.0,65.0,62.0,7.0,13.0,14.0,10.0,8.0,Ali Adnan,Defender
66.0,72.0,left,medium,medium,65.0,65.0,49.0,67.0,45.0,68.0,54.0,52.0,57.0,69.0,78.0,78.0,75.0,55.0,62.0,54.0,69.0,78.0,76.0,43.0,63.0,43.0,58.0,53.0,52.0,52.0,55.0,42.0,11.0,14.0,13.0,10.0,5.0,Allan,Defender
66.0,72.0,left,medium,medium,65.0,65.0,49.0,67.0,45.0,68.0,54.0,52.0,57.0,69.0,78.0,78.0,75.0,55.0,62.0,54.0,69.0,78.0,76.0,43.0,63.0,43.0,58.0,53.0,52.0,52.0,55.0,42.0,11.0,14.0,13.0,10.0,5.0,Allan,Midfielder
76.0,78.0,right,medium,medium,80.0,50.0,61.0,73.0,60.0,75.0,68.0,57.0,73.0,75.0,85.0,85.0,83.0,74.0,80.0,68.0,85.0,79.0,69.0,67.0,76.0,71.0,66.0,58.0,53.0,75.0,77.0,82.0,12.0,15.0,10.0,11.0,14.0,Anaitz Arbilla,Defender
73.0,77.0,right,low,medium,35.0,22.0,81.0,58.0,30.0,35.0,36.0,59.0,42.0,53.0,40.0,53.0,34.0,63.0,31.0,58.0,73.0,64.0,83.0,50.0,81.0,70.0,25.0,40.0,68.0,74.0,76.0,71.0,11.0,12.0,12.0,15.0,15.0,Ander Herrera,Midfielder
73.0,77.0,right,low,medium,35.0,22.0,81.0,58.0,30.0,35.0,36.0,59.0,42.0,53.0,40.0,53.0,34.0,63.0,31.0,58.0,73.0,64.0,83.0,50.0,81.0,70.0,25.0,40.0,68.0,74.0,76.0,71.0,11.0,12.0,12.0,15.0,15.0,Ander Iturraspe,Midfielder
76.0,80.0,right,low,medium,29.0,45.0,81.0,52.0,34.0,41.0,30.0,29.0,56.0,53.0,70.0,69.0,58.0,76.0,77.0,40.0,80.0,71.0,83.0,31.0,80.0,74.0,31.0,42.0,33.0,77.0,80.0,76.0,10.0,14.0,10.0,14.0,7.0,Andres Iniesta,Midfielder
67.0,68.0,right,medium,medium,46.0,36.0,48.0,66.0,50.0,63.0,73.0,31.0,63.0,64.0,60.0,63.0,60.0,67.0,50.0,63.0,73.0,75.0,85.0,66.0,69.0,66.0,60.0,65.0,44.0,68.0,68.0,62.0,11.0,11.0,8.0,15.0,15.0,Angelo da Costa,Goalkeeper
78.0,85.0,right,medium,medium,72.0,74.0,78.0,73.0,69.0,78.0,69.0,77.0,51.0,73.0,88.0,82.0,84.0,81.0,65.0,84.0,78.0,74.0,83.0,74.0,61.0,84.0,79.0,70.0,84.0,23.0,28.0,23.0,6.0,5.0,51.0,7.0,8.0,Antonio Luna,Defender
54.0,57.0,right,le,ean,43.0,44.0,53.0,58.0,44.0,55.0,53.0,53.0,49.0,49.0,65.0,59.0,80.0,61.0,56.0,63.0,58.0,56.0,56.0,54.0,58.0,44.0,51.0,60.0,48.0,48.0,48.0,47.0,3.0,23.0,49.0,23.0,23.0,Antunes,Defender
73.0,73.0,right,medium,medium,56.0,58.0,72.0,74.0,50.0,64.0,60.0,61.0,68.0,70.0,51.0,50.0,56.0,73.0,54.0,70.0,67.0,79.0,77.0,59.0,80.0,77.0,67.0,70.0,58.0,65.0,73.0,60.0,11.0,10.0,14.0,5.0,10.0,Aritz Aduriz,Forward
74.0,77.0,right,medium,high,56.0,60.0,73.0,75.0,52.0,62.0,60.0,64.0,72.0,74.0,55.0,57.0,56.0,76.0,54.0,71.0,72.0,79.0,78.0,60.0,80.0,77.0,69.0,72.0,58.0,65.0,73.0,59.0,11.0,10.0,14.0,5.0,10.0,Aritz Elustondo,Defender
61.0,73.0,right,medium,medium,58.0,54.0,42.0,56.0,54.0,75.0,63.0,66.0,54.0,61.0,73.0,70.0,65.0,42.0,58.0,66.0,55.0,48.0,38.0,48.0,26.0,28.0,52.0,52.0,61.0,22.0,30.0,31.0,14.0,11.0,14.0,12.0,12.0,Asier Illarramendi,Midfielder
68.0,71.0,right,high,medium,63.0,50.0,66.0,66.0,42.0,66.0,40.0,41.0,59.0,64.0,70.0,69.0,69.0,66.0,60.0,48.0,82.0,72.0,72.0,51.0,72.0,70.0,40.0,49.0,55.0,70.0,70.0,71.0,9.0,6.0,7.0,10.0,8.0,Asier Riesgo,Goalkeeper
74.0,74.0,right,high,low,64.0,65.0,60.0,81.0,67.0,77.0,68.0,71.0,70.0,80.0,67.0,64.0,62.0,72.0,80.0,80.0,66.0,34.0,91.0,70.0,70.0,55.0,66.0,80.0,76.0,44.0,59.0,58.0,8.0,16.0,12.0,11.0,12.0,Bernardo Silva,Midfielder
78.0,78.0,right,high,high,64.0,70.0,61.0,83.0,73.0,76.0,78.0,77.0,75.0,77.0,81.0,64.0,73.0,76.0,74.0,82.0,81.0,77.0,94.0,72.0,77.0,55.0,72.0,83.0,76.0,44.0,79.0,62.0,8.0,16.0,12.0,11.0,12.0,Beto,Goalkeeper
60.0,63.0,right,,_0,60.0,58.0,63.0,59.0,,57.0,,35.0,39.0,63.0,63.0,61.0,,56.0,,66.0,,67.0,62.0,49.0,62.0,62.0,61.0,,48.0,23.0,28.0,,12.0,23.0,39.0,23.0,23.0,Bojan Krkic,Forward
75.0,77.0,right,medium,medium,35.0,55.0,75.0,66.0,33.0,45.0,28.0,33.0,55.0,62.0,62.0,63.0,62.0,65.0,81.0,65.0,75.0,78.0,75.0,59.0,68.0,63.0,78.0,53.0,73.0,78.0,76.0,45.0,3.0,20.0,55.0,20.0,20.0,Borja Mayoral,Forward
72.0,74.0,left,,_0,48.0,77.0,62.0,58.0,,67.0,,74.0,42.0,73.0,72.0,76.0,,76.0,,75.0,,62.0,69.0,77.0,54.0,32.0,80.0,,53.0,21.0,54.0,,9.0,22.0,42.0,22.0,22.0,Borja Valero,Midfielder
71.0,73.0,right,low,high,60.0,55.0,73.0,69.0,59.0,59.0,63.0,60.0,68.0,65.0,64.0,62.0,67.0,71.0,66.0,64.0,70.0,79.0,77.0,60.0,82.0,73.0,55.0,62.0,57.0,71.0,73.0,68.0,10.0,14.0,14.0,7.0,9.0,Bruma,Forward
68.0,71.0,right,medium,medium,68.0,55.0,64.0,67.0,59.0,59.0,60.0,44.0,72.0,65.0,68.0,66.0,66.0,68.0,64.0,63.0,70.0,86.0,76.0,58.0,77.0,60.0,52.0,66.0,57.0,65.0,66.0,63.0,10.0,14.0,14.0,7.0,9.0,Bruno Alves,Defender
72.0,77.0,right,medium,medium,25.0,25.0,25.0,25.0,25.0,25.0,25.0,25.0,25.0,25.0,52.0,56.0,35.0,66.0,41.0,35.0,63.0,33.0,74.0,25.0,25.0,23.0,25.0,25.0,25.0,25.0,25.0,25.0,75.0,66.0,62.0,72.0,76.0,Bruno Fernandes,Midfielder
73.0,82.0,right,medium,medium,14.0,10.0,10.0,15.0,10.0,10.0,17.0,11.0,11.0,17.0,52.0,56.0,35.0,66.0,41.0,35.0,63.0,50.0,74.0,13.0,19.0,23.0,12.0,17.0,17.0,14.0,10.0,15.0,75.0,72.0,69.0,72.0,76.0,Bruno Gaspar,Defender
71.0,79.0,right,medium,medium,14.0,10.0,10.0,15.0,10.0,10.0,17.0,11.0,11.0,17.0,42.0,40.0,35.0,55.0,41.0,35.0,63.0,40.0,51.0,13.0,19.0,28.0,12.0,24.0,17.0,14.0,10.0,15.0,73.0,71.0,64.0,71.0,73.0,Bruno Gonzalez,Defender
51.0,64.0,right,medium,medium,26.0,52.0,58.0,41.0,42.0,48.0,30.0,23.0,30.0,49.0,49.0,53.0,63.0,46.0,48.0,52.0,66.0,58.0,73.0,45.0,50.0,23.0,48.0,42.0,64.0,20.0,22.0,25.0,6.0,12.0,9.0,5.0,13.0,Bruno Peres,Defender
62.0,72.0,right,high,medium,39.0,63.0,57.0,58.0,56.0,62.0,40.0,37.0,42.0,60.0,81.0,90.0,76.0,61.0,81.0,56.0,81.0,53.0,51.0,54.0,31.0,16.0,60.0,46.0,66.0,20.0,19.0,14.0,15.0,12.0,15.0,8.0,8.0,Bruno Saltor,Defender
62.0,80.0,right,high,medium,39.0,63.0,57.0,58.0,56.0,62.0,40.0,37.0,42.0,60.0,81.0,90.0,76.0,61.0,81.0,56.0,81.0,53.0,48.0,54.0,31.0,16.0,60.0,46.0,66.0,20.0,19.0,14.0,15.0,12.0,15.0,8.0,8.0,Bruno Soriano,Midfielder
65.0,65.0,right,medium,medium,25.0,25.0,25.0,25.0,25.0,25.0,25.0,25.0,36.0,25.0,33.0,39.0,43.0,65.0,48.0,35.0,55.0,27.0,62.0,25.0,32.0,25.0,25.0,25.0,21.0,25.0,25.0,25.0,68.0,62.0,58.0,63.0,68.0,Burgui,Midfielder
59.0,59.0,right,medium,medium,25.0,25.0,25.0,25.0,25.0,25.0,25.0,25.0,36.0,25.0,37.0,45.0,43.0,65.0,48.0,35.0,55.0,27.0,62.0,25.0,32.0,25.0,25.0,25.0,21.0,25.0,25.0,25.0,63.0,58.0,60.0,53.0,62.0,Caiuby,Midfielder
54.0,62.0,right,medium,medium,42.0,35.0,50.0,63.0,41.0,53.0,34.0,39.0,58.0,55.0,61.0,66.0,54.0,59.0,54.0,58.0,61.0,61.0,76.0,38.0,58.0,42.0,51.0,50.0,43.0,44.0,45.0,51.0,10.0,10.0,13.0,13.0,5.0,Carles Planas,Defender
55.0,67.0,right,medium,medium,34.0,31.0,66.0,57.0,37.0,32.0,42.0,38.0,55.0,52.0,65.0,68.0,58.0,47.0,64.0,60.0,66.0,76.0,73.0,55.0,56.0,43.0,52.0,47.0,48.0,57.0,60.0,58.0,7.0,5.0,14.0,13.0,12.0,Carlos Vigaray,Defender
73.0,73.0,right,medium,medium,19.0,18.0,18.0,28.0,32.0,19.0,27.0,21.0,25.0,27.0,47.0,49.0,50.0,72.0,42.0,17.0,73.0,41.0,72.0,14.0,44.0,22.0,16.0,63.0,41.0,20.0,11.0,18.0,75.0,69.0,82.0,70.0,75.0,Casemiro,Midfielder
64.0,65.0,right,high,medium,65.0,60.0,66.0,65.0,56.0,64.0,53.0,40.0,61.0,63.0,77.0,79.0,58.0,56.0,64.0,59.0,73.0,78.0,74.0,45.0,77.0,53.0,68.0,62.0,48.0,60.0,61.0,65.0,14.0,7.0,5.0,9.0,10.0,Cesar Azpilicueta,Defender
68.0,70.0,right,medium,medium,71.0,63.0,33.0,67.0,64.0,76.0,63.0,66.0,60.0,73.0,77.0,81.0,68.0,60.0,69.0,69.0,47.0,65.0,57.0,68.0,49.0,43.0,59.0,56.0,53.0,40.0,46.0,43.0,6.0,7.0,8.0,6.0,8.0,Charles,Forward
54.0,83.0,right,high,medium,48.0,54.0,26.0,67.0,52.0,57.0,66.0,21.0,43.0,64.0,67.0,61.0,72.0,56.0,67.0,53.0,62.0,55.0,39.0,37.0,22.0,46.0,58.0,70.0,56.0,20.0,26.0,33.0,6.0,20.0,43.0,20.0,20.0,Chuli,Defender
54.0,83.0,right,high,medium,48.0,54.0,26.0,67.0,52.0,57.0,66.0,21.0,43.0,64.0,67.0,61.0,72.0,56.0,67.0,53.0,62.0,55.0,39.0,37.0,22.0,46.0,58.0,70.0,56.0,20.0,26.0,33.0,6.0,20.0,43.0,20.0,20.0,Chuli,Forward
61.0,64.0,left,high,medium,36.0,47.0,59.0,60.0,21.0,33.0,29.0,57.0,56.0,44.0,65.0,57.0,57.0,53.0,62.0,77.0,65.0,71.0,65.0,59.0,69.0,71.0,39.0,39.0,46.0,54.0,70.0,68.0,6.0,9.0,12.0,15.0,10.0,Coke,Defender
61.0,63.0,left,medium,medium,68.0,57.0,59.0,44.0,49.0,58.0,38.0,26.0,43.0,59.0,72.0,69.0,58.0,69.0,75.0,54.0,76.0,79.0,57.0,56.0,58.0,44.0,49.0,49.0,58.0,67.0,61.0,58.0,9.0,11.0,11.0,13.0,9.0,Cristian Portu,Midfielder
65.0,65.0,left,medium,medium,43.0,64.0,77.0,52.0,61.0,54.0,49.0,42.0,41.0,58.0,59.0,55.0,40.0,64.0,43.0,77.0,67.0,60.0,86.0,62.0,47.0,33.0,63.0,41.0,55.0,25.0,25.0,25.0,8.0,15.0,7.0,14.0,14.0,Cristiano Ronaldo,Forward
68.0,68.0,left,medium,medium,43.0,67.0,78.0,54.0,61.0,58.0,49.0,42.0,41.0,65.0,55.0,55.0,40.0,69.0,43.0,77.0,67.0,62.0,90.0,62.0,47.0,33.0,70.0,41.0,55.0,25.0,25.0,25.0,8.0,15.0,7.0,14.0,14.0,Cuco Martina,Defender
69.0,84.0,left,high,medium,65.0,68.0,51.0,64.0,61.0,77.0,68.0,62.0,63.0,69.0,80.0,78.0,81.0,64.0,81.0,69.0,53.0,66.0,39.0,66.0,55.0,44.0,60.0,60.0,60.0,44.0,54.0,47.0,8.0,6.0,8.0,7.0,12.0,Dalbert,Defender
65.0,73.0,right,high,medium,46.0,67.0,64.0,64.0,58.0,60.0,37.0,42.0,50.0,62.0,63.0,67.0,67.0,61.0,73.0,72.0,72.0,75.0,76.0,63.0,63.0,17.0,64.0,56.0,77.0,17.0,22.0,11.0,10.0,10.0,10.0,10.0,8.0,Dani Castellano,Defender
65.0,73.0,right,high,medium,46.0,67.0,64.0,64.0,58.0,60.0,37.0,42.0,50.0,62.0,63.0,67.0,67.0,61.0,73.0,72.0,72.0,75.0,76.0,63.0,63.0,17.0,64.0,56.0,77.0,17.0,22.0,11.0,10.0,10.0,10.0,10.0,8.0,Dani Castellano,Midfielder
65.0,67.0,right,medium,medium,58.0,54.0,47.0,65.0,56.0,65.0,63.0,65.0,65.0,72.0,65.0,68.0,60.0,64.0,67.0,65.0,67.0,61.0,56.0,52.0,62.0,43.0,60.0,69.0,59.0,25.0,36.0,22.0,13.0,10.0,5.0,9.0,14.0,Daniel Carvajal,Defender
51.0,59.0,right,medium,medium,38.0,25.0,51.0,37.0,22.0,30.0,20.0,25.0,34.0,35.0,61.0,62.0,58.0,45.0,61.0,32.0,65.0,58.0,66.0,25.0,55.0,57.0,20.0,27.0,20.0,53.0,57.0,53.0,9.0,12.0,11.0,11.0,5.0,Danilo Pereira,Midfielder
64.0,74.0,right,medium,medium,65.0,65.0,63.0,66.0,52.0,71.0,48.0,41.0,57.0,67.0,75.0,78.0,71.0,59.0,53.0,58.0,64.0,61.0,58.0,59.0,48.0,21.0,61.0,52.0,69.0,39.0,21.0,23.0,8.0,14.0,13.0,6.0,7.0,Danilo,Defender
67.0,70.0,right,medium,medium,53.0,35.0,69.0,56.0,45.0,44.0,37.0,38.0,48.0,52.0,52.0,53.0,33.0,61.0,32.0,54.0,56.0,66.0,89.0,40.0,74.0,64.0,30.0,41.0,54.0,69.0,67.0,61.0,8.0,12.0,9.0,6.0,7.0,Dante,Defender
78.0,80.0,right,medium,low,79.0,71.0,36.0,80.0,77.0,86.0,80.0,73.0,71.0,84.0,76.0,69.0,84.0,74.0,78.0,73.0,45.0,51.0,68.0,77.0,59.0,39.0,74.0,77.0,77.0,29.0,30.0,30.0,4.0,6.0,4.0,4.0,6.0,David Costas,Defender
79.0,83.0,right,medium,medium,73.0,77.0,47.0,77.0,74.0,82.0,80.0,82.0,74.0,84.0,82.0,79.0,82.0,70.0,76.0,79.0,68.0,68.0,64.0,81.0,44.0,33.0,76.0,80.0,78.0,23.0,35.0,35.0,6.0,14.0,7.0,6.0,12.0,David Luiz,Defender
75.0,84.0,right,medium,low,70.0,50.0,50.0,76.0,72.0,82.0,76.0,76.0,72.0,83.0,79.0,79.0,82.0,74.0,56.0,74.0,66.0,74.0,65.0,72.0,45.0,54.0,72.0,75.0,66.0,23.0,42.0,41.0,6.0,14.0,7.0,6.0,12.0,David Silva,Midfielder
77.0,80.0,right,medium,medium,33.0,33.0,82.0,59.0,45.0,54.0,50.0,60.0,46.0,64.0,55.0,54.0,55.0,72.0,47.0,84.0,66.0,63.0,85.0,72.0,81.0,77.0,26.0,33.0,59.0,79.0,80.0,73.0,9.0,12.0,12.0,7.0,11.0,David Timor Copovi,Midfielder
65.0,74.0,right,medium,medium,33.0,33.0,60.0,43.0,45.0,43.0,50.0,41.0,46.0,40.0,53.0,58.0,55.0,50.0,47.0,78.0,72.0,59.0,78.0,68.0,72.0,65.0,26.0,33.0,59.0,63.0,72.0,68.0,9.0,12.0,12.0,7.0,11.0,David Zurutuza,Midfielder
72.0,77.0,right,high,medium,60.0,73.0,60.0,72.0,64.0,75.0,65.0,61.0,54.0,73.0,73.0,76.0,75.0,72.0,66.0,73.0,60.0,76.0,71.0,70.0,55.0,38.0,74.0,68.0,68.0,25.0,29.0,27.0,12.0,13.0,7.0,14.0,15.0,Diego Carlos,Defender
71.0,76.0,right,high,medium,59.0,70.0,60.0,72.0,62.0,73.0,55.0,61.0,54.0,72.0,73.0,73.0,75.0,70.0,66.0,73.0,60.0,76.0,65.0,69.0,49.0,23.0,71.0,67.0,68.0,25.0,29.0,27.0,12.0,13.0,7.0,14.0,15.0,Diego Costa,Forward
69.0,76.0,right,medium,medium,53.0,68.0,56.0,71.0,62.0,72.0,50.0,61.0,52.0,70.0,73.0,73.0,75.0,68.0,66.0,67.0,50.0,68.0,62.0,72.0,39.0,23.0,70.0,65.0,68.0,25.0,25.0,25.0,12.0,13.0,7.0,14.0,15.0,Diego Farias,Forward
46.0,59.0,right,medium,medium,34.0,50.0,44.0,36.0,52.0,49.0,36.0,34.0,36.0,37.0,46.0,47.0,47.0,52.0,53.0,46.0,39.0,31.0,32.0,50.0,34.0,23.0,15.0,25.0,22.0,22.0,22.0,12.0,6.0,22.0,36.0,22.0,22.0,Diego Llorente,Defender
71.0,71.0,right,medium,low,62.0,72.0,51.0,66.0,67.0,79.0,77.0,68.0,45.0,74.0,76.0,74.0,80.0,77.0,84.0,74.0,69.0,59.0,59.0,69.0,53.0,24.0,74.0,64.0,78.0,25.0,25.0,25.0,6.0,5.0,8.0,10.0,9.0,Dong-Won Ji,Forward
65.0,65.0,right,medium,medium,57.0,66.0,72.0,66.0,66.0,66.0,65.0,79.0,59.0,68.0,66.0,62.0,61.0,57.0,64.0,62.0,54.0,59.0,48.0,68.0,51.0,38.0,63.0,64.0,52.0,46.0,52.0,45.0,5.0,13.0,9.0,6.0,14.0,Douglas Costa,Midfielder
65.0,65.0,right,medium,medium,57.0,66.0,72.0,66.0,66.0,66.0,65.0,79.0,59.0,68.0,66.0,62.0,61.0,57.0,64.0,62.0,54.0,59.0,48.0,68.0,51.0,38.0,63.0,64.0,52.0,46.0,52.0,45.0,5.0,13.0,9.0,6.0,14.0,Douglas Santos,Defender
70.0,78.0,left,medium,medium,74.0,57.0,65.0,75.0,56.0,72.0,65.0,69.0,69.0,64.0,75.0,74.0,78.0,62.0,61.0,50.0,60.0,74.0,68.0,51.0,44.0,72.0,58.0,72.0,64.0,40.0,23.0,23.0,7.0,20.0,69.0,20.0,20.0,Eder Citadin Martins,Forward
66.0,74.0,right,medium,high,68.0,48.0,58.0,66.0,52.0,68.0,71.0,52.0,68.0,71.0,85.0,83.0,82.0,52.0,92.0,55.0,88.0,82.0,58.0,60.0,63.0,69.0,59.0,47.0,38.0,60.0,61.0,66.0,10.0,12.0,7.0,8.0,11.0,Ederson Moraes,Goalkeeper
79.0,84.0,right,high,medium,62.0,77.0,71.0,67.0,75.0,88.0,60.0,56.0,53.0,87.0,89.0,83.0,81.0,82.0,69.0,79.0,74.0,73.0,70.0,72.0,64.0,31.0,80.0,69.0,70.0,20.0,18.0,15.0,12.0,13.0,11.0,5.0,14.0,Eduardo,Goalkeeper
67.0,75.0,right,low,high,32.0,26.0,68.0,61.0,20.0,46.0,32.0,21.0,42.0,64.0,77.0,75.0,63.0,69.0,71.0,29.0,79.0,75.0,73.0,33.0,52.0,62.0,72.0,65.0,62.0,73.0,64.0,62.0,8.0,23.0,42.0,23.0,23.0,Eliseu,Defender
76.0,80.0,right,high,medium,66.0,79.0,78.0,73.0,73.0,75.0,55.0,47.0,59.0,76.0,80.0,81.0,80.0,75.0,76.0,78.0,82.0,75.0,75.0,67.0,49.0,41.0,74.0,68.0,66.0,11.0,23.0,19.0,8.0,13.0,12.0,13.0,5.0,Enric Saborit,Defender
72.0,81.0,right,medium,medium,65.0,49.0,59.0,75.0,59.0,79.0,73.0,73.0,60.0,81.0,79.0,75.0,85.0,71.0,79.0,65.0,69.0,65.0,45.0,60.0,65.0,53.0,69.0,70.0,65.0,35.0,40.0,35.0,10.0,11.0,7.0,11.0,6.0,Esteban Granero,Midfielder
68.0,70.0,right,medium,medium,10.0,11.0,13.0,27.0,13.0,16.0,12.0,11.0,17.0,26.0,36.0,39.0,32.0,53.0,48.0,19.0,73.0,30.0,69.0,10.0,31.0,21.0,15.0,10.0,29.0,11.0,13.0,9.0,69.0,71.0,67.0,68.0,70.0,Fabinho,Midfielder
79.0,86.0,left,medium,high,78.0,62.0,69.0,77.0,52.0,80.0,73.0,72.0,76.0,79.0,82.0,81.0,78.0,69.0,74.0,75.0,70.0,78.0,73.0,84.0,70.0,72.0,78.0,68.0,73.0,75.0,36.0,73.0,8.0,21.0,76.0,21.0,21.0,Felipe Anderson,Midfielder
65.0,73.0,right,medium,medium,69.0,65.0,53.0,73.0,56.0,72.0,66.0,53.0,74.0,73.0,72.0,73.0,79.0,65.0,75.0,65.0,60.0,72.0,58.0,59.0,69.0,63.0,63.0,68.0,52.0,49.0,57.0,43.0,8.0,7.0,13.0,8.0,8.0,Felipe,Defender
64.0,72.0,right,medium,medium,65.0,61.0,49.0,73.0,56.0,71.0,66.0,53.0,65.0,71.0,72.0,73.0,75.0,61.0,71.0,65.0,52.0,68.0,45.0,59.0,55.0,33.0,63.0,68.0,52.0,37.0,33.0,22.0,8.0,7.0,13.0,8.0,8.0,Felipe,Defender
76.0,83.0,left,high,medium,67.0,56.0,70.0,81.0,41.0,74.0,67.0,57.0,78.0,78.0,64.0,62.0,72.0,78.0,53.0,75.0,76.0,71.0,77.0,70.0,74.0,75.0,64.0,76.0,68.0,59.0,72.0,66.0,9.0,12.0,9.0,7.0,15.0,Fernandinho,Midfielder
50.0,55.0,right,medium,medium,35.0,30.0,45.0,55.0,31.0,47.0,36.0,34.0,60.0,50.0,61.0,66.0,59.0,48.0,71.0,52.0,60.0,65.0,50.0,39.0,54.0,42.0,50.0,45.0,41.0,40.0,43.0,48.0,8.0,6.0,9.0,8.0,5.0,Fernando Llorente,Forward
74.0,79.0,right,high,medium,75.0,74.0,51.0,77.0,73.0,79.0,76.0,78.0,73.0,79.0,79.0,80.0,79.0,74.0,90.0,80.0,63.0,75.0,70.0,80.0,77.0,63.0,73.0,73.0,72.0,60.0,62.0,57.0,9.0,10.0,9.0,12.0,14.0,Fernando Navarro,Defender
71.0,76.0,right,high,medium,71.0,71.0,44.0,75.0,72.0,78.0,74.0,74.0,69.0,76.0,85.0,82.0,78.0,70.0,90.0,78.0,60.0,74.0,70.0,75.0,76.0,59.0,72.0,72.0,67.0,63.0,58.0,53.0,8.0,9.0,8.0,11.0,13.0,Fernando Torres,Forward
77.0,83.0,right,medium,high,68.0,64.0,62.0,80.0,72.0,75.0,74.0,79.0,76.0,81.0,67.0,65.0,74.0,77.0,75.0,83.0,68.0,76.0,67.0,83.0,73.0,72.0,72.0,79.0,77.0,68.0,72.0,66.0,14.0,5.0,7.0,9.0,6.0,Filipe Luis,Defender
74.0,80.0,right,medium,high,70.0,49.0,56.0,77.0,50.0,75.0,57.0,54.0,75.0,77.0,79.0,79.0,85.0,73.0,80.0,72.0,79.0,87.0,69.0,65.0,84.0,69.0,69.0,72.0,60.0,61.0,71.0,71.0,11.0,5.0,10.0,6.0,7.0,Francisco Molinero,Defender
71.0,79.0,right,medium,high,65.0,48.0,64.0,76.0,49.0,64.0,56.0,53.0,74.0,75.0,79.0,79.0,81.0,70.0,73.0,71.0,70.0,83.0,65.0,64.0,83.0,62.0,64.0,71.0,59.0,55.0,67.0,71.0,10.0,4.0,9.0,5.0,6.0,Francisco Portillo,Midfielder
65.0,75.0,right,high,medium,64.0,42.0,53.0,57.0,36.0,69.0,53.0,27.0,53.0,61.0,68.0,68.0,73.0,62.0,67.0,52.0,67.0,72.0,63.0,31.0,64.0,71.0,68.0,62.0,65.0,68.0,70.0,69.0,5.0,22.0,53.0,22.0,22.0,Gabi,Midfielder
62.0,62.0,right,medium,high,48.0,32.0,49.0,61.0,44.0,49.0,40.0,41.0,56.0,54.0,61.0,61.0,53.0,60.0,60.0,69.0,55.0,75.0,78.0,63.0,72.0,67.0,37.0,53.0,30.0,58.0,63.0,64.0,6.0,5.0,7.0,4.0,10.0,Gabriel Boschilia,Midfielder
65.0,67.0,right,medium,high,50.0,41.0,50.0,65.0,53.0,52.0,42.0,63.0,59.0,60.0,65.0,63.0,54.0,61.0,60.0,77.0,55.0,80.0,78.0,69.0,78.0,68.0,49.0,58.0,36.0,58.0,70.0,66.0,7.0,6.0,8.0,5.0,11.0,Gabriel Silva,Defender
65.0,67.0,right,medium,high,50.0,41.0,50.0,65.0,53.0,52.0,42.0,66.0,59.0,60.0,65.0,63.0,54.0,61.0,60.0,81.0,55.0,80.0,78.0,72.0,78.0,68.0,49.0,58.0,36.0,58.0,70.0,66.0,7.0,6.0,8.0,5.0,11.0,Gabriel,Goalkeeper
76.0,82.0,right,high,high,65.0,76.0,64.0,72.0,75.0,82.0,60.0,48.0,53.0,80.0,95.0,92.0,90.0,77.0,88.0,78.0,82.0,91.0,45.0,73.0,33.0,24.0,79.0,66.0,69.0,20.0,28.0,24.0,7.0,12.0,13.0,15.0,14.0,Gerard Deulofeu,Forward
76.0,82.0,right,high,high,65.0,76.0,65.0,72.0,75.0,82.0,60.0,48.0,53.0,80.0,95.0,92.0,90.0,77.0,88.0,78.0,82.0,80.0,45.0,73.0,33.0,24.0,79.0,66.0,69.0,20.0,28.0,24.0,7.0,12.0,13.0,15.0,14.0,Gerard Moreno,Midfielder
76.0,82.0,right,high,high,65.0,76.0,65.0,72.0,75.0,82.0,60.0,48.0,53.0,80.0,95.0,92.0,90.0,77.0,88.0,78.0,82.0,80.0,45.0,73.0,33.0,24.0,79.0,66.0,69.0,20.0,28.0,24.0,7.0,12.0,13.0,15.0,14.0,Gerard Moreno,Forward
72.0,83.0,right,medium,medium,61.0,74.0,58.0,62.0,61.0,76.0,69.0,62.0,44.0,71.0,94.0,92.0,90.0,68.0,86.0,69.0,92.0,72.0,33.0,66.0,38.0,23.0,69.0,54.0,69.0,19.0,27.0,23.0,6.0,11.0,12.0,14.0,13.0,Geromel,Defender
72.0,72.0,right,medium,medium,56.0,32.0,72.0,75.0,45.0,56.0,59.0,53.0,63.0,61.0,32.0,32.0,47.0,62.0,47.0,63.0,46.0,31.0,78.0,38.0,80.0,67.0,54.0,65.0,45.0,72.0,75.0,74.0,11.0,6.0,8.0,6.0,13.0,Gorka Iraizoz Moreno,Goalkeeper
69.0,69.0,right,medium,medium,39.0,40.0,70.0,62.0,54.0,41.0,45.0,50.0,60.0,52.0,25.0,46.0,59.0,65.0,56.0,61.0,90.0,35.0,83.0,47.0,74.0,65.0,31.0,57.0,51.0,69.0,69.0,66.0,12.0,15.0,16.0,16.0,10.0,Guerrero,Forward
71.0,74.0,right,medium,medium,41.0,42.0,70.0,63.0,56.0,43.0,47.0,41.0,54.0,60.0,66.0,65.0,68.0,72.0,77.0,57.0,75.0,75.0,78.0,49.0,74.0,68.0,32.0,58.0,53.0,74.0,73.0,67.0,11.0,14.0,15.0,15.0,9.0,Guilherme,Midfielder
72.0,74.0,right,medium,medium,41.0,42.0,68.0,63.0,56.0,43.0,47.0,41.0,54.0,60.0,66.0,65.0,68.0,73.0,77.0,57.0,75.0,75.0,78.0,49.0,74.0,67.0,32.0,58.0,53.0,75.0,75.0,67.0,11.0,14.0,15.0,15.0,9.0,Guilherme,Midfielder
76.0,88.0,right,high,medium,70.0,37.0,76.0,65.0,52.0,66.0,53.0,42.0,60.0,73.0,80.0,82.0,71.0,75.0,76.0,54.0,72.0,88.0,78.0,39.0,81.0,71.0,77.0,68.0,68.0,72.0,77.0,78.0,14.0,23.0,60.0,23.0,23.0,Heurelho Gomes,Goalkeeper
66.0,75.0,right,high,medium,65.0,37.0,71.0,60.0,52.0,55.0,53.0,65.0,57.0,62.0,62.0,65.0,71.0,57.0,76.0,44.0,72.0,63.0,59.0,39.0,56.0,62.0,68.0,68.0,65.0,69.0,68.0,78.0,14.0,10.0,57.0,9.0,14.0,Hilton,Defender
66.0,66.0,right,medium,medium,25.0,25.0,25.0,25.0,25.0,25.0,25.0,25.0,29.0,25.0,32.0,50.0,41.0,57.0,61.0,35.0,56.0,30.0,64.0,25.0,33.0,25.0,25.0,25.0,25.0,25.0,25.0,25.0,67.0,66.0,62.0,66.0,68.0,Hugo Mallo,Defender
55.0,55.0,right,medium,medium,27.0,21.0,21.0,21.0,6.0,30.0,26.0,15.0,38.0,25.0,32.0,50.0,56.0,35.0,56.0,35.0,56.0,40.0,41.0,21.0,36.0,42.0,29.0,34.0,37.0,32.0,21.0,33.0,64.0,55.0,38.0,54.0,59.0,Iago Aspas,Forward
65.0,65.0,right,medium,medium,62.0,59.0,77.0,61.0,66.0,60.0,58.0,49.0,59.0,69.0,52.0,34.0,58.0,70.0,78.0,69.0,86.0,49.0,80.0,57.0,87.0,70.0,61.0,68.0,65.0,59.0,65.0,59.0,15.0,9.0,8.0,12.0,16.0,Ignasi Miquel,Defender
65.0,65.0,right,medium,medium,62.0,59.0,77.0,61.0,66.0,60.0,58.0,49.0,59.0,69.0,52.0,34.0,58.0,70.0,78.0,69.0,86.0,49.0,80.0,57.0,87.0,70.0,61.0,68.0,65.0,59.0,65.0,59.0,15.0,9.0,8.0,12.0,16.0,Ignasi Miquel,Midfielder
66.0,66.0,right,medium,medium,60.0,35.0,65.0,60.0,57.0,51.0,63.0,25.0,59.0,57.0,33.0,32.0,57.0,64.0,56.0,54.0,81.0,67.0,73.0,50.0,72.0,58.0,34.0,41.0,20.0,66.0,68.0,64.0,12.0,13.0,5.0,11.0,15.0,Iker Casillas,Goalkeeper
66.0,66.0,right,medium,medium,60.0,35.0,65.0,60.0,57.0,51.0,63.0,25.0,59.0,57.0,33.0,32.0,57.0,64.0,56.0,54.0,81.0,67.0,73.0,50.0,72.0,58.0,34.0,41.0,20.0,66.0,68.0,64.0,12.0,13.0,5.0,11.0,15.0,Iker Muniain,Forward
67.0,67.0,right,medium,medium,60.0,35.0,65.0,60.0,57.0,51.0,63.0,19.0,59.0,57.0,53.0,39.0,57.0,66.0,56.0,54.0,83.0,67.0,73.0,50.0,72.0,58.0,42.0,52.0,20.0,68.0,70.0,67.0,12.0,13.0,5.0,11.0,15.0,Imanol Agirretxe,Forward
62.0,69.0,right,medium,medium,17.0,17.0,59.0,56.0,57.0,14.0,63.0,47.0,25.0,46.0,61.0,55.0,57.0,53.0,70.0,25.0,75.0,64.0,61.0,21.0,59.0,23.0,34.0,52.0,47.0,64.0,66.0,68.0,8.0,5.0,25.0,13.0,10.0,Inigo Lekue,Defender
76.0,76.0,right,medium,medium,77.0,66.0,53.0,74.0,64.0,81.0,83.0,78.0,80.0,81.0,75.0,73.0,76.0,74.0,65.0,77.0,68.0,64.0,70.0,74.0,68.0,57.0,73.0,78.0,81.0,46.0,55.0,43.0,5.0,12.0,14.0,14.0,12.0,Isco,Midfielder
62.0,72.0,right,medium,medium,43.0,41.0,36.0,69.0,49.0,61.0,56.0,49.0,66.0,68.0,67.0,66.0,65.0,65.0,78.0,52.0,55.0,53.0,48.0,53.0,61.0,64.0,54.0,57.0,55.0,60.0,58.0,53.0,12.0,14.0,15.0,11.0,5.0,Iuri Medeiros,Forward
47.0,78.0,right,low,medium,35.0,20.0,36.0,28.0,23.0,18.0,33.0,31.0,33.0,38.0,49.0,54.0,44.0,53.0,47.0,14.0,49.0,42.0,44.0,23.0,53.0,50.0,22.0,22.0,30.0,50.0,50.0,45.0,12.0,10.0,5.0,10.0,13.0,Ivan Ramis,Defender
58.0,66.0,right,,_0,13.0,3.0,14.0,16.0,6.0,7.0,6.0,15.0,17.0,22.0,33.0,32.0,57.0,36.0,52.0,46.0,57.0,40.0,29.0,6.0,39.0,22.0,13.0,32.0,21.0,7.0,8.0,5.0,60.0,48.0,65.0,56.0,67.0,Ja-Cheol Koo,Midfielder
78.0,78.0,right,high,medium,77.0,67.0,65.0,85.0,73.0,77.0,78.0,75.0,83.0,83.0,58.0,55.0,75.0,74.0,60.0,83.0,68.0,69.0,68.0,82.0,71.0,65.0,75.0,82.0,72.0,53.0,68.0,60.0,14.0,14.0,6.0,5.0,12.0,Jaume Costa,Defender
79.0,79.0,right,high,medium,77.0,67.0,65.0,85.0,73.0,77.0,78.0,75.0,83.0,83.0,58.0,55.0,75.0,74.0,60.0,83.0,68.0,69.0,68.0,82.0,71.0,71.0,75.0,82.0,72.0,59.0,68.0,66.0,14.0,14.0,6.0,5.0,12.0,Jaume,Goalkeeper
80.0,81.0,right,medium,medium,78.0,66.0,66.0,86.0,74.0,78.0,79.0,76.0,86.0,84.0,60.0,54.0,74.0,78.0,60.0,84.0,68.0,70.0,68.0,82.0,72.0,74.0,76.0,86.0,73.0,60.0,68.0,66.0,15.0,15.0,7.0,6.0,13.0,Javi Castellano,Defender
80.0,81.0,right,medium,medium,78.0,66.0,66.0,86.0,74.0,78.0,79.0,76.0,86.0,84.0,60.0,54.0,74.0,78.0,60.0,84.0,68.0,70.0,68.0,82.0,72.0,74.0,76.0,86.0,73.0,60.0,68.0,66.0,15.0,15.0,7.0,6.0,13.0,Javi Castellano,Midfielder
80.0,83.0,right,medium,medium,78.0,66.0,58.0,86.0,75.0,79.0,80.0,75.0,86.0,85.0,57.0,54.0,74.0,80.0,60.0,86.0,68.0,71.0,67.0,80.0,72.0,74.0,76.0,85.0,74.0,51.0,65.0,61.0,15.0,15.0,7.0,6.0,13.0,Javi Fuego,Midfielder
78.0,88.0,right,medium,medium,71.0,68.0,67.0,84.0,76.0,82.0,76.0,70.0,85.0,84.0,75.0,75.0,78.0,75.0,68.0,85.0,72.0,70.0,69.0,86.0,60.0,55.0,75.0,83.0,80.0,60.0,64.0,63.0,15.0,15.0,7.0,6.0,13.0,Javier Eraso,Midfielder
75.0,77.0,left,high,medium,81.0,44.0,58.0,70.0,31.0,70.0,68.0,37.0,72.0,81.0,77.0,79.0,81.0,70.0,70.0,56.0,74.0,88.0,70.0,70.0,68.0,79.0,57.0,60.0,48.0,72.0,75.0,77.0,15.0,9.0,7.0,11.0,5.0,Jemerson,Defender
77.0,85.0,right,medium,medium,48.0,83.0,79.0,67.0,75.0,71.0,59.0,47.0,38.0,77.0,79.0,79.0,79.0,76.0,75.0,73.0,81.0,69.0,77.0,51.0,59.0,31.0,83.0,54.0,78.0,21.0,20.0,25.0,15.0,15.0,10.0,13.0,5.0,Joel Robles,Goalkeeper
74.0,74.0,right,medium,medium,67.0,63.0,55.0,82.0,57.0,75.0,64.0,63.0,78.0,79.0,67.0,65.0,74.0,73.0,83.0,58.0,65.0,66.0,56.0,62.0,69.0,67.0,72.0,80.0,51.0,46.0,57.0,42.0,13.0,10.0,10.0,11.0,5.0,Jon Bautista,Forward
74.0,77.0,left,medium,medium,39.0,45.0,79.0,46.0,55.0,56.0,44.0,25.0,25.0,58.0,65.0,65.0,67.0,71.0,72.0,21.0,73.0,73.0,82.0,42.0,82.0,63.0,75.0,44.0,67.0,75.0,73.0,76.0,12.0,22.0,25.0,22.0,22.0,Jonas Ramalho,Defender
74.0,84.0,right,medium,medium,67.0,56.0,60.0,81.0,68.0,76.0,74.0,70.0,77.0,80.0,66.0,69.0,69.0,72.0,61.0,74.0,67.0,75.0,73.0,68.0,82.0,58.0,72.0,78.0,68.0,54.0,64.0,64.0,6.0,14.0,14.0,14.0,12.0,Jonathas,Forward
75.0,82.0,right,medium,medium,68.0,58.0,60.0,80.0,68.0,80.0,74.0,70.0,78.0,82.0,67.0,73.0,72.0,72.0,61.0,74.0,67.0,75.0,74.0,70.0,75.0,66.0,70.0,76.0,72.0,54.0,68.0,64.0,6.0,14.0,14.0,14.0,12.0,Jony,Midfielder
75.0,84.0,right,medium,medium,56.0,58.0,58.0,78.0,67.0,74.0,65.0,68.0,76.0,78.0,67.0,69.0,71.0,75.0,61.0,72.0,67.0,77.0,65.0,74.0,70.0,68.0,72.0,73.0,67.0,50.0,70.0,70.0,6.0,14.0,14.0,14.0,12.0,Joo-Ho Park,Defender
69.0,69.0,right,medium,medium,40.0,31.0,65.0,60.0,25.0,40.0,39.0,28.0,59.0,64.0,51.0,53.0,63.0,66.0,60.0,20.0,72.0,33.0,75.0,39.0,73.0,74.0,28.0,56.0,30.0,73.0,72.0,63.0,9.0,6.0,15.0,13.0,7.0,Jordi Alba,Defender
69.0,69.0,right,medium,medium,40.0,31.0,65.0,60.0,19.0,40.0,39.0,28.0,59.0,64.0,51.0,53.0,63.0,66.0,60.0,20.0,72.0,53.0,75.0,39.0,73.0,74.0,28.0,56.0,30.0,73.0,72.0,63.0,9.0,6.0,15.0,13.0,7.0,Jordi Amat,Defender
68.0,68.0,right,medium,medium,73.0,48.0,60.0,66.0,42.0,68.0,65.0,54.0,66.0,68.0,79.0,77.0,70.0,70.0,60.0,72.0,68.0,79.0,76.0,65.0,72.0,69.0,62.0,55.0,50.0,62.0,68.0,70.0,6.0,12.0,8.0,14.0,7.0,Jorge Molina,Forward
68.0,71.0,right,medium,medium,72.0,47.0,59.0,65.0,41.0,67.0,67.0,53.0,65.0,67.0,79.0,82.0,70.0,69.0,60.0,71.0,68.0,79.0,76.0,64.0,77.0,68.0,61.0,54.0,49.0,61.0,67.0,69.0,5.0,11.0,7.0,13.0,6.0,Jorginho,Midfielder
76.0,80.0,right,high,high,71.0,66.0,38.0,73.0,47.0,80.0,68.0,45.0,63.0,80.0,89.0,93.0,81.0,75.0,79.0,83.0,82.0,89.0,68.0,60.0,81.0,42.0,72.0,71.0,50.0,32.0,38.0,34.0,7.0,6.0,7.0,11.0,11.0,Jose Manuel Jurado,Midfielder
61.0,65.0,right,medium,medium,53.0,52.0,55.0,59.0,62.0,66.0,52.0,45.0,40.0,61.0,69.0,68.0,63.0,67.0,58.0,65.0,57.0,64.0,59.0,60.0,60.0,38.0,43.0,53.0,51.0,12.0,16.0,12.0,7.0,6.0,7.0,11.0,11.0,Jose Recio,Midfielder
72.0,77.0,right,medium,medium,67.0,66.0,60.0,70.0,57.0,71.0,74.0,72.0,58.0,72.0,75.0,69.0,76.0,78.0,76.0,73.0,68.0,67.0,56.0,65.0,58.0,35.0,81.0,66.0,65.0,29.0,31.0,32.0,11.0,10.0,6.0,5.0,10.0,Joselu,Forward
75.0,78.0,right,medium,medium,55.0,42.0,67.0,62.0,12.0,44.0,38.0,30.0,56.0,64.0,54.0,58.0,53.0,71.0,60.0,43.0,69.0,69.0,79.0,13.0,78.0,80.0,24.0,54.0,35.0,74.0,83.0,77.0,11.0,14.0,6.0,8.0,15.0,Jozabed,Midfielder
75.0,75.0,right,high,medium,67.0,69.0,80.0,81.0,65.0,69.0,55.0,54.0,75.0,79.0,68.0,73.0,72.0,74.0,74.0,77.0,86.0,86.0,60.0,78.0,73.0,62.0,78.0,74.0,49.0,43.0,60.0,53.0,9.0,14.0,6.0,12.0,6.0,Juan Bernat,Defender
75.0,75.0,right,high,medium,67.0,69.0,80.0,81.0,65.0,69.0,55.0,54.0,75.0,79.0,68.0,73.0,72.0,74.0,74.0,75.0,86.0,86.0,60.0,78.0,73.0,55.0,78.0,74.0,49.0,43.0,60.0,53.0,9.0,14.0,6.0,12.0,6.0,Juan Calahorro,Defender
68.0,72.0,right,high,high,44.0,49.0,48.0,64.0,45.0,63.0,54.0,53.0,61.0,68.0,79.0,78.0,72.0,77.0,71.0,68.0,81.0,91.0,59.0,54.0,78.0,54.0,79.0,71.0,48.0,42.0,53.0,50.0,8.0,13.0,5.0,11.0,5.0,Juan Mata,Midfielder
70.0,73.0,right,medium,medium,49.0,35.0,48.0,66.0,45.0,55.0,58.0,49.0,62.0,65.0,64.0,65.0,61.0,71.0,70.0,56.0,74.0,84.0,78.0,50.0,74.0,79.0,55.0,68.0,57.0,56.0,78.0,64.0,11.0,9.0,10.0,8.0,12.0,Juanfran,Defender
57.0,71.0,right,medium,medium,48.0,29.0,44.0,61.0,42.0,53.0,55.0,45.0,52.0,64.0,65.0,65.0,61.0,67.0,65.0,52.0,66.0,61.0,72.0,41.0,61.0,54.0,53.0,73.0,47.0,57.0,68.0,64.0,2.0,22.0,52.0,22.0,22.0,Juanmi,Forward
57.0,71.0,right,medium,medium,48.0,29.0,44.0,61.0,42.0,53.0,55.0,45.0,52.0,64.0,65.0,65.0,61.0,67.0,65.0,52.0,66.0,61.0,72.0,41.0,61.0,54.0,53.0,73.0,47.0,57.0,68.0,64.0,2.0,22.0,52.0,22.0,22.0,"Juanpi,20",Midfielder
72.0,78.0,right,medium,medium,59.0,37.0,60.0,74.0,58.0,66.0,63.0,66.0,69.0,73.0,76.0,75.0,79.0,74.0,77.0,66.0,63.0,76.0,66.0,59.0,77.0,73.0,59.0,68.0,60.0,67.0,74.0,73.0,6.0,14.0,7.0,9.0,5.0,Keko,Midfielder
78.0,79.0,left,high,medium,83.0,54.0,74.0,77.0,58.0,75.0,76.0,80.0,76.0,78.0,70.0,68.0,64.0,78.0,56.0,90.0,78.0,77.0,76.0,86.0,80.0,79.0,70.0,71.0,73.0,75.0,81.0,78.0,15.0,14.0,7.0,15.0,5.0,Kenedy,Midfielder
63.0,72.0,right,medium,medium,62.0,40.0,56.0,62.0,56.0,59.0,57.0,60.0,60.0,65.0,74.0,65.0,69.0,61.0,76.0,67.0,72.0,63.0,47.0,60.0,68.0,61.0,50.0,58.0,50.0,64.0,62.0,64.0,11.0,13.0,6.0,12.0,8.0,Kike Sola,Forward
66.0,72.0,right,high,low,63.0,58.0,54.0,62.0,63.0,69.0,68.0,66.0,63.0,64.0,90.0,86.0,87.0,56.0,78.0,77.0,70.0,81.0,58.0,77.0,44.0,47.0,51.0,61.0,52.0,31.0,56.0,48.0,6.0,6.0,8.0,13.0,13.0,Koke,Midfielder
75.0,82.0,right,high,medium,70.0,66.0,68.0,78.0,70.0,74.0,67.0,58.0,76.0,78.0,78.0,69.0,82.0,75.0,84.0,74.0,70.0,75.0,55.0,70.0,76.0,74.0,76.0,75.0,60.0,62.0,70.0,70.0,9.0,8.0,10.0,11.0,10.0,Lucas Leiva,Midfielder
74.0,82.0,right,high,medium,70.0,66.0,68.0,78.0,68.0,74.0,62.0,54.0,76.0,78.0,78.0,68.0,82.0,74.0,84.0,74.0,70.0,75.0,55.0,70.0,76.0,70.0,70.0,74.0,60.0,62.0,70.0,68.0,9.0,8.0,10.0,11.0,10.0,Lucas Moura,Forward
75.0,75.0,left,low,high,67.0,40.0,74.0,74.0,50.0,65.0,54.0,56.0,73.0,73.0,59.0,65.0,59.0,70.0,71.0,76.0,75.0,73.0,81.0,75.0,84.0,81.0,68.0,69.0,62.0,72.0,79.0,75.0,12.0,11.0,12.0,8.0,5.0,Luis Alberto,Defender
75.0,75.0,left,low,high,67.0,40.0,74.0,74.0,50.0,65.0,54.0,56.0,73.0,73.0,59.0,65.0,59.0,70.0,71.0,76.0,75.0,73.0,81.0,75.0,84.0,81.0,68.0,69.0,62.0,72.0,79.0,75.0,12.0,11.0,12.0,8.0,5.0,Luis Alberto,Midfielder
66.0,72.0,left,medium,medium,25.0,25.0,25.0,26.0,25.0,25.0,25.0,25.0,37.0,25.0,44.0,43.0,47.0,66.0,43.0,40.0,66.0,34.0,62.0,25.0,33.0,25.0,25.0,25.0,22.0,25.0,25.0,25.0,67.0,66.0,64.0,65.0,67.0,Luisinho,Defender
67.0,76.0,left,medium,medium,25.0,25.0,25.0,27.0,25.0,25.0,25.0,25.0,38.0,26.0,44.0,43.0,47.0,67.0,43.0,41.0,66.0,34.0,62.0,25.0,34.0,25.0,25.0,25.0,23.0,25.0,25.0,25.0,68.0,67.0,65.0,66.0,68.0,Luiz Gustavo,Midfielder
76.0,76.0,right,medium,low,49.0,82.0,79.0,64.0,73.0,65.0,69.0,45.0,39.0,75.0,78.0,79.0,73.0,71.0,75.0,77.0,85.0,75.0,75.0,55.0,51.0,24.0,80.0,59.0,77.0,20.0,27.0,23.0,3.0,3.0,3.0,4.0,3.0,Mahmoud Kahraba,Midfielder
78.0,78.0,right,medium,low,49.0,83.0,78.0,67.0,80.0,70.0,66.0,46.0,45.0,74.0,83.0,83.0,75.0,76.0,75.0,76.0,85.0,75.0,77.0,52.0,68.0,28.0,86.0,61.0,80.0,28.0,30.0,30.0,12.0,15.0,13.0,5.0,15.0,Malcom,Forward
61.0,71.0,right,medium,medium,43.0,68.0,62.0,58.0,62.0,63.0,69.0,48.0,53.0,62.0,62.0,55.0,57.0,58.0,66.0,63.0,61.0,55.0,52.0,59.0,39.0,20.0,56.0,60.0,75.0,15.0,18.0,16.0,12.0,13.0,7.0,10.0,8.0,Manuel Fernandes,Midfielder
59.0,72.0,right,None,o,57.0,55.0,56.0,60.0,53.0,57.0,44.0,36.0,47.0,62.0,69.0,67.0,70.0,59.0,61.0,61.0,62.0,64.0,59.0,58.0,55.0,42.0,53.0,61.0,56.0,32.0,46.0,47.0,8.0,5.0,9.0,12.0,14.0,Manuel Trigueros,Midfielder
72.0,72.0,left,medium,medium,68.0,63.0,49.0,71.0,74.0,75.0,81.0,77.0,70.0,76.0,84.0,53.0,84.0,76.0,90.0,75.0,32.0,71.0,34.0,69.0,47.0,25.0,69.0,71.0,67.0,25.0,26.0,21.0,12.0,8.0,11.0,9.0,8.0,Marc Bartra,Defender
72.0,72.0,left,medium,low,69.0,64.0,50.0,72.0,75.0,76.0,82.0,78.0,71.0,77.0,84.0,78.0,84.0,79.0,90.0,77.0,72.0,71.0,34.0,70.0,50.0,29.0,70.0,72.0,68.0,40.0,47.0,42.0,13.0,9.0,12.0,10.0,9.0,Marc Muniesa,Defender
68.0,73.0,left,medium,low,66.0,65.0,55.0,68.0,67.0,68.0,58.0,72.0,50.0,70.0,75.0,75.0,72.0,68.0,67.0,71.0,61.0,72.0,67.0,68.0,44.0,46.0,70.0,63.0,67.0,28.0,31.0,29.0,9.0,7.0,14.0,9.0,14.0,Marcelo,Defender
81.0,82.0,left,medium,low,84.0,76.0,62.0,84.0,78.0,86.0,84.0,78.0,80.0,86.0,84.0,86.0,78.0,80.0,76.0,80.0,63.0,77.0,69.0,82.0,58.0,42.0,80.0,82.0,82.0,20.0,32.0,26.0,9.0,14.0,7.0,12.0,9.0,Marco Asensio,Midfielder
70.0,81.0,left,medium,medium,34.0,25.0,69.0,58.0,24.0,49.0,35.0,22.0,56.0,59.0,66.0,66.0,56.0,70.0,55.0,59.0,72.0,73.0,72.0,50.0,74.0,73.0,26.0,29.0,32.0,72.0,72.0,72.0,8.0,13.0,11.0,7.0,8.0,Marcos Alonso,Defender
68.0,68.0,right,high,medium,55.0,42.0,72.0,56.0,25.0,55.0,27.0,17.0,48.0,57.0,70.0,73.0,71.0,66.0,69.0,57.0,83.0,77.0,80.0,40.0,73.0,65.0,59.0,50.0,34.0,76.0,74.0,74.0,12.0,13.0,8.0,10.0,9.0,Mario Gaspar,Defender
72.0,77.0,right,medium,medium,71.0,52.0,39.0,80.0,45.0,67.0,75.0,72.0,78.0,72.0,57.0,53.0,67.0,69.0,69.0,61.0,59.0,68.0,59.0,68.0,66.0,63.0,65.0,73.0,69.0,44.0,65.0,46.0,16.0,14.0,12.0,16.0,6.0,Markel Bergara,Midfielder
72.0,77.0,right,medium,medium,71.0,52.0,39.0,80.0,45.0,67.0,75.0,72.0,78.0,72.0,57.0,53.0,67.0,69.0,69.0,61.0,59.0,68.0,59.0,68.0,66.0,63.0,65.0,73.0,69.0,44.0,65.0,46.0,16.0,14.0,12.0,16.0,6.0,Markel Susaeta,Midfielder
62.0,73.0,right,medium,medium,59.0,44.0,49.0,56.0,46.0,64.0,47.0,44.0,53.0,62.0,90.0,86.0,70.0,56.0,70.0,56.0,55.0,58.0,48.0,54.0,53.0,40.0,53.0,60.0,50.0,37.0,43.0,44.0,7.0,13.0,10.0,15.0,8.0,Marquinhos,Defender
71.0,74.0,left,medium,medium,68.0,67.0,61.0,72.0,62.0,75.0,61.0,62.0,53.0,73.0,82.0,79.0,85.0,68.0,76.0,65.0,49.0,67.0,61.0,59.0,43.0,31.0,70.0,72.0,54.0,27.0,26.0,28.0,16.0,7.0,12.0,8.0,15.0,Martin Montoya,Defender
83.0,85.0,right,medium,high,63.0,63.0,73.0,84.0,53.0,76.0,57.0,41.0,80.0,79.0,68.0,75.0,70.0,83.0,63.0,68.0,71.0,87.0,86.0,42.0,87.0,86.0,62.0,83.0,66.0,80.0,81.0,75.0,8.0,12.0,15.0,11.0,12.0,Mexer,Defender
61.0,68.0,right,high,medium,55.0,43.0,50.0,67.0,38.0,42.0,55.0,55.0,65.0,53.0,58.0,64.0,62.0,52.0,60.0,70.0,57.0,65.0,58.0,66.0,71.0,66.0,68.0,70.0,66.0,61.0,59.0,52.0,3.0,24.0,61.0,24.0,24.0,Miguel Torres,Defender
61.0,68.0,right,high,medium,55.0,43.0,50.0,67.0,38.0,42.0,55.0,55.0,65.0,53.0,58.0,64.0,62.0,52.0,60.0,70.0,57.0,65.0,58.0,66.0,71.0,66.0,68.0,70.0,66.0,61.0,59.0,52.0,3.0,24.0,61.0,24.0,24.0,Miguel Veloso,Midfielder
73.0,77.0,right,medium,low,70.0,67.0,58.0,74.0,68.0,76.0,72.0,59.0,67.0,76.0,69.0,68.0,78.0,74.0,73.0,73.0,64.0,68.0,64.0,70.0,55.0,52.0,70.0,75.0,58.0,11.0,21.0,24.0,10.0,13.0,5.0,6.0,6.0,Miiko Albornoz,Defender
70.0,75.0,left,high,high,66.0,48.0,65.0,62.0,59.0,73.0,73.0,76.0,55.0,71.0,85.0,87.0,78.0,68.0,73.0,82.0,80.0,90.0,67.0,70.0,71.0,62.0,66.0,61.0,77.0,69.0,72.0,68.0,7.0,10.0,13.0,13.0,9.0,Mikel Balenziaga,Defender
65.0,72.0,left,high,medium,62.0,48.0,59.0,58.0,47.0,66.0,52.0,60.0,45.0,64.0,80.0,78.0,76.0,67.0,58.0,61.0,64.0,67.0,59.0,57.0,48.0,57.0,62.0,52.0,55.0,38.0,37.0,36.0,3.0,21.0,45.0,21.0,21.0,Mikel Rico,Midfielder
74.0,74.0,left,medium,medium,74.0,60.0,59.0,81.0,64.0,66.0,72.0,56.0,71.0,70.0,71.0,74.0,80.0,69.0,70.0,75.0,60.0,70.0,62.0,81.0,62.0,36.0,70.0,82.0,62.0,44.0,53.0,26.0,10.0,6.0,10.0,9.0,12.0,Mohamed Elneny,Midfielder
72.0,79.0,left,medium,medium,72.0,62.0,66.0,68.0,66.0,83.0,73.0,58.0,42.0,77.0,74.0,84.0,76.0,73.0,67.0,79.0,67.0,69.0,68.0,75.0,82.0,81.0,79.0,77.0,63.0,25.0,35.0,28.0,13.0,25.0,42.0,25.0,25.0,Mohamed Salah,Forward
60.0,70.0,right,medium,medium,50.0,38.0,48.0,66.0,53.0,56.0,51.0,54.0,62.0,63.0,60.0,61.0,56.0,63.0,62.0,48.0,58.0,56.0,57.0,51.0,48.0,54.0,50.0,66.0,48.0,61.0,56.0,54.0,9.0,6.0,10.0,9.0,10.0,Momo,Midfielder
62.0,66.0,right,medium,high,60.0,32.0,47.0,64.0,37.0,59.0,44.0,33.0,48.0,66.0,73.0,80.0,72.0,61.0,73.0,54.0,84.0,78.0,60.0,42.0,76.0,64.0,57.0,54.0,48.0,57.0,61.0,53.0,12.0,12.0,6.0,8.0,12.0,Munir El Haddadi,Forward
70.0,72.0,left,medium,medium,68.0,69.0,43.0,66.0,74.0,74.0,67.0,73.0,16.0,82.0,73.0,74.0,84.0,66.0,62.0,61.0,55.0,63.0,51.0,54.0,59.0,74.0,77.0,69.0,73.0,38.0,23.0,14.0,12.0,7.0,16.0,7.0,9.0,Nacho Fernandez,Defender
70.0,77.0,left,None,o,75.0,58.0,61.0,73.0,,70.0,,68.0,69.0,71.0,74.0,74.0,,65.0,,63.0,,71.0,72.0,59.0,68.0,68.0,66.0,,64.0,45.0,50.0,,13.0,22.0,69.0,22.0,22.0,Nacho Monreal,Defender
74.0,74.0,right,medium,medium,44.0,41.0,92.0,53.0,39.0,20.0,23.0,41.0,62.0,42.0,27.0,30.0,25.0,68.0,31.0,84.0,55.0,62.0,93.0,42.0,85.0,66.0,30.0,39.0,43.0,73.0,77.0,68.0,8.0,14.0,8.0,12.0,6.0,Naldo,Defender
73.0,73.0,right,medium,medium,44.0,41.0,90.0,53.0,39.0,20.0,23.0,26.0,62.0,42.0,27.0,33.0,25.0,68.0,31.0,84.0,55.0,65.0,92.0,42.0,85.0,68.0,30.0,39.0,43.0,73.0,76.0,68.0,8.0,14.0,8.0,12.0,6.0,Naldo,Defender
73.0,73.0,right,medium,medium,44.0,38.0,84.0,53.0,29.0,20.0,23.0,26.0,62.0,42.0,27.0,34.0,25.0,68.0,31.0,78.0,55.0,65.0,92.0,54.0,81.0,66.0,30.0,39.0,43.0,73.0,76.0,68.0,8.0,14.0,8.0,12.0,6.0,Nani,Midfielder
63.0,66.0,right,high,medium,60.0,54.0,37.0,55.0,56.0,65.0,62.0,60.0,34.0,67.0,72.0,77.0,81.0,63.0,70.0,64.0,82.0,81.0,56.0,62.0,50.0,43.0,65.0,62.0,53.0,41.0,42.0,45.0,12.0,14.0,9.0,10.0,6.0,Nathan,Midfielder
76.0,85.0,right,medium,medium,65.0,74.0,78.0,79.0,74.0,71.0,64.0,58.0,71.0,76.0,79.0,72.0,55.0,68.0,81.0,69.0,78.0,83.0,82.0,63.0,61.0,71.0,68.0,77.0,69.0,43.0,58.0,45.0,14.0,23.0,71.0,23.0,23.0,Neto,Goalkeeper
66.0,72.0,right,medium,medium,68.0,55.0,53.0,74.0,69.0,68.0,73.0,72.0,71.0,71.0,77.0,67.0,78.0,70.0,75.0,65.0,48.0,68.0,56.0,68.0,58.0,40.0,60.0,65.0,52.0,36.0,57.0,50.0,13.0,6.0,6.0,11.0,9.0,Neymar,Forward
62.0,67.0,right,medium,medium,8.0,7.0,11.0,25.0,10.0,6.0,8.0,14.0,22.0,14.0,34.0,41.0,28.0,62.0,42.0,23.0,45.0,31.0,69.0,12.0,15.0,12.0,6.0,18.0,30.0,10.0,16.0,8.0,62.0,55.0,63.0,66.0,64.0,Nicolas,Goalkeeper
76.0,76.0,right,high,medium,71.0,70.0,72.0,77.0,68.0,71.0,67.0,79.0,70.0,79.0,76.0,78.0,74.0,77.0,71.0,83.0,83.0,77.0,69.0,73.0,79.0,35.0,81.0,76.0,80.0,41.0,22.0,20.0,13.0,14.0,13.0,16.0,12.0,Nolito,Forward
68.0,72.0,left,medium,medium,65.0,52.0,45.0,72.0,53.0,72.0,70.0,69.0,63.0,68.0,73.0,69.0,81.0,56.0,81.0,59.0,35.0,80.0,37.0,55.0,42.0,51.0,59.0,69.0,65.0,32.0,29.0,20.0,5.0,6.0,12.0,5.0,8.0,Oier Olazabal,Goalkeeper
70.0,70.0,right,medium,low,55.0,74.0,71.0,59.0,72.0,64.0,75.0,59.0,49.0,69.0,55.0,64.0,59.0,72.0,56.0,76.0,77.0,57.0,77.0,61.0,63.0,28.0,75.0,60.0,74.0,24.0,31.0,26.0,13.0,14.0,8.0,8.0,7.0,Omar Mascarell,Midfielder
70.0,72.0,right,medium,medium,60.0,70.0,74.0,66.0,68.0,60.0,57.0,58.0,58.0,68.0,71.0,72.0,69.0,73.0,79.0,76.0,80.0,70.0,77.0,60.0,62.0,27.0,72.0,69.0,73.0,43.0,50.0,25.0,12.0,13.0,7.0,7.0,6.0,Oriol Romeu,Midfielder
66.0,71.0,left,None,o,60.0,53.0,64.0,69.0,54.0,65.0,63.0,51.0,68.0,68.0,72.0,73.0,74.0,72.0,67.0,64.0,68.0,78.0,67.0,66.0,68.0,69.0,30.0,68.0,63.0,57.0,62.0,61.0,15.0,13.0,8.0,10.0,7.0,Osama Hawsawi,Defender
72.0,79.0,left,medium,medium,70.0,74.0,74.0,66.0,62.0,73.0,60.0,61.0,59.0,72.0,77.0,78.0,74.0,72.0,64.0,73.0,70.0,74.0,59.0,69.0,50.0,43.0,71.0,75.0,65.0,22.0,27.0,35.0,6.0,9.0,8.0,6.0,15.0,Pablo Fornals,Midfielder
59.0,71.0,right,medium,medium,32.0,62.0,63.0,49.0,50.0,58.0,44.0,35.0,39.0,56.0,58.0,54.0,58.0,60.0,53.0,61.0,73.0,60.0,74.0,57.0,28.0,25.0,57.0,51.0,70.0,25.0,25.0,25.0,15.0,11.0,13.0,15.0,8.0,Pablo Sarabia,Midfielder
61.0,74.0,left,high,medium,53.0,46.0,42.0,66.0,43.0,61.0,43.0,54.0,63.0,61.0,64.0,73.0,61.0,65.0,78.0,61.0,73.0,69.0,49.0,45.0,53.0,51.0,56.0,67.0,53.0,48.0,55.0,42.0,6.0,11.0,13.0,8.0,5.0,Pablo,Defender
69.0,81.0,right,medium,medium,54.0,68.0,51.0,67.0,57.0,74.0,68.0,33.0,48.0,72.0,84.0,83.0,84.0,54.0,68.0,67.0,54.0,68.0,65.0,53.0,46.0,20.0,70.0,65.0,45.0,18.0,22.0,19.0,8.0,16.0,15.0,15.0,11.0,Patric,Defender
58.0,75.0,left,medium,medium,56.0,58.0,42.0,53.0,54.0,70.0,46.0,41.0,52.0,62.0,70.0,70.0,65.0,42.0,76.0,60.0,48.0,46.0,43.0,55.0,43.0,24.0,48.0,51.0,63.0,28.0,34.0,40.0,14.0,12.0,15.0,10.0,12.0,Paulinho,Midfielder
83.0,88.0,right,high,high,74.0,77.0,59.0,78.0,76.0,85.0,74.0,70.0,72.0,83.0,90.0,85.0,91.0,82.0,86.0,77.0,66.0,76.0,69.0,75.0,69.0,42.0,83.0,77.0,73.0,30.0,42.0,36.0,10.0,10.0,15.0,12.0,13.0,Pedro Mendes,Defender
82.0,86.0,right,high,high,76.0,72.0,60.0,78.0,73.0,89.0,74.0,69.0,69.0,86.0,92.0,84.0,90.0,80.0,76.0,79.0,66.0,80.0,64.0,76.0,74.0,42.0,80.0,76.0,74.0,30.0,42.0,36.0,10.0,10.0,15.0,12.0,13.0,Pedro Mosquera,Midfielder
73.0,86.0,right,high,high,77.0,72.0,79.0,71.0,70.0,81.0,74.0,67.0,78.0,57.0,74.0,78.0,90.0,61.0,75.0,74.0,59.0,75.0,44.0,68.0,54.0,65.0,73.0,70.0,48.0,21.0,21.0,55.0,8.0,21.0,78.0,21.0,21.0,Pedro Pereira,Defender
71.0,71.0,right,medium,medium,25.0,25.0,25.0,25.0,25.0,25.0,25.0,25.0,25.0,25.0,36.0,48.0,50.0,73.0,55.0,25.0,46.0,39.0,53.0,25.0,32.0,24.0,25.0,25.0,25.0,25.0,25.0,25.0,68.0,70.0,68.0,72.0,76.0,Pedro Rodriguez,Forward
63.0,69.0,right,medium,medium,21.0,21.0,21.0,21.0,7.0,21.0,7.0,11.0,60.0,21.0,41.0,42.0,32.0,56.0,48.0,21.0,46.0,38.0,50.0,21.0,48.0,45.0,40.0,50.0,49.0,21.0,21.0,6.0,67.0,61.0,60.0,63.0,65.0,Pepe Reina,Goalkeeper
63.0,69.0,right,medium,medium,21.0,21.0,21.0,21.0,7.0,21.0,7.0,11.0,60.0,21.0,41.0,42.0,32.0,56.0,48.0,21.0,46.0,38.0,50.0,21.0,48.0,45.0,40.0,50.0,49.0,21.0,21.0,6.0,67.0,61.0,60.0,63.0,65.0,Pepe,Defender
61.0,71.0,right,medium,medium,43.0,36.0,57.0,69.0,33.0,59.0,47.0,48.0,65.0,63.0,71.0,65.0,70.0,60.0,74.0,48.0,59.0,51.0,68.0,41.0,55.0,51.0,64.0,64.0,48.0,47.0,54.0,66.0,14.0,5.0,9.0,9.0,12.0,Philippe Coutinho,Forward
64.0,67.0,right,medium,medium,39.0,68.0,62.0,51.0,51.0,61.0,40.0,32.0,40.0,60.0,65.0,68.0,68.0,62.0,59.0,65.0,63.0,55.0,70.0,59.0,27.0,28.0,66.0,57.0,55.0,25.0,25.0,25.0,10.0,8.0,15.0,13.0,14.0,Rafa Silva,Midfielder
66.0,68.0,right,medium,low,66.0,51.0,47.0,62.0,58.0,69.0,50.0,53.0,53.0,64.0,82.0,90.0,91.0,50.0,77.0,53.0,49.0,71.0,59.0,40.0,30.0,25.0,62.0,59.0,51.0,25.0,25.0,21.0,13.0,11.0,15.0,9.0,8.0,Rafael,Goalkeeper
67.0,70.0,right,medium,low,69.0,56.0,49.0,64.0,60.0,71.0,52.0,59.0,58.0,67.0,82.0,89.0,91.0,54.0,76.0,55.0,49.0,70.0,57.0,40.0,35.0,23.0,54.0,59.0,53.0,18.0,21.0,25.0,13.0,11.0,15.0,9.0,8.0,Rafael,Goalkeeper
67.0,70.0,right,medium,low,69.0,56.0,49.0,64.0,60.0,71.0,52.0,59.0,58.0,67.0,82.0,89.0,91.0,54.0,76.0,55.0,49.0,70.0,57.0,40.0,35.0,23.0,54.0,59.0,53.0,18.0,21.0,25.0,13.0,11.0,15.0,9.0,8.0,Rafael,Defender
68.0,75.0,right,medium,high,43.0,31.0,68.0,65.0,40.0,58.0,46.0,36.0,68.0,65.0,67.0,63.0,61.0,66.0,57.0,72.0,83.0,78.0,84.0,70.0,80.0,68.0,54.0,56.0,35.0,65.0,66.0,64.0,14.0,11.0,11.0,11.0,7.0,Raffael,Forward
77.0,80.0,right,medium,low,74.0,68.0,47.0,71.0,59.0,83.0,42.0,46.0,61.0,80.0,93.0,91.0,94.0,77.0,79.0,82.0,88.0,67.0,59.0,58.0,68.0,36.0,77.0,70.0,51.0,20.0,18.0,22.0,11.0,7.0,7.0,8.0,6.0,Rafinha,Midfielder
77.0,80.0,right,medium,low,74.0,68.0,47.0,71.0,59.0,83.0,42.0,46.0,61.0,80.0,93.0,91.0,94.0,77.0,79.0,82.0,88.0,67.0,59.0,58.0,68.0,36.0,77.0,70.0,51.0,20.0,18.0,22.0,11.0,7.0,7.0,8.0,6.0,Rafinha,Defender
77.0,80.0,right,medium,low,72.0,68.0,45.0,64.0,57.0,83.0,40.0,44.0,60.0,82.0,92.0,90.0,93.0,78.0,82.0,84.0,86.0,72.0,63.0,56.0,66.0,34.0,76.0,67.0,49.0,18.0,16.0,20.0,10.0,6.0,6.0,7.0,5.0,Ramiro Funes Mori,Defender
72.0,79.0,left,high,medium,72.0,57.0,65.0,69.0,56.0,75.0,69.0,75.0,63.0,75.0,83.0,83.0,76.0,69.0,55.0,86.0,65.0,80.0,77.0,80.0,82.0,66.0,66.0,64.0,69.0,66.0,72.0,75.0,12.0,13.0,16.0,8.0,10.0,Raul Albiol,Defender
76.0,77.0,right,medium,medium,25.0,25.0,25.0,35.0,25.0,25.0,25.0,25.0,25.0,31.0,41.0,63.0,57.0,76.0,53.0,24.0,74.0,44.0,67.0,25.0,39.0,21.0,25.0,25.0,40.0,25.0,25.0,25.0,80.0,70.0,70.0,72.0,82.0,Renato Augusto,Midfielder
79.0,79.0,right,medium,medium,15.0,13.0,15.0,35.0,17.0,13.0,12.0,10.0,25.0,33.0,41.0,63.0,57.0,78.0,53.0,24.0,79.0,55.0,67.0,11.0,53.0,21.0,12.0,31.0,40.0,10.0,10.0,10.0,83.0,74.0,70.0,76.0,83.0,Renato Sanches,Midfielder
67.0,72.0,right,low,medium,39.0,24.0,67.0,68.0,30.0,48.0,23.0,29.0,63.0,59.0,62.0,59.0,53.0,66.0,54.0,49.0,54.0,79.0,81.0,35.0,78.0,68.0,35.0,46.0,33.0,71.0,68.0,66.0,8.0,12.0,13.0,12.0,5.0,Ricardo Carvalho,Defender
64.0,72.0,right,medium,low,60.0,60.0,38.0,63.0,61.0,67.0,70.0,66.0,64.0,70.0,67.0,64.0,65.0,61.0,66.0,58.0,65.0,64.0,56.0,66.0,50.0,33.0,64.0,64.0,57.0,25.0,21.0,23.0,5.0,13.0,5.0,12.0,14.0,Ricardo Pereira,Defender
64.0,72.0,right,medium,low,60.0,60.0,38.0,63.0,61.0,67.0,70.0,66.0,64.0,70.0,67.0,66.0,65.0,61.0,64.0,58.0,63.0,65.0,56.0,66.0,50.0,33.0,64.0,64.0,57.0,25.0,21.0,23.0,5.0,13.0,5.0,12.0,14.0,Ricardo Quaresma,Forward
73.0,76.0,right,high,medium,68.0,25.0,62.0,57.0,42.0,70.0,66.0,28.0,59.0,66.0,68.0,84.0,49.0,69.0,48.0,74.0,54.0,85.0,86.0,51.0,78.0,72.0,47.0,52.0,35.0,67.0,81.0,76.0,11.0,7.0,8.0,8.0,13.0,Roberto Firmino,Forward
63.0,80.0,right,medium,medium,48.0,58.0,52.0,59.0,56.0,71.0,45.0,32.0,51.0,69.0,79.0,81.0,75.0,60.0,74.0,52.0,58.0,50.0,42.0,46.0,32.0,25.0,56.0,55.0,46.0,22.0,25.0,21.0,9.0,8.0,11.0,6.0,6.0,Roberto,Goalkeeper
63.0,76.0,left,medium,medium,61.0,52.0,31.0,67.0,56.0,71.0,65.0,64.0,64.0,70.0,70.0,65.0,76.0,61.0,69.0,58.0,65.0,52.0,41.0,64.0,58.0,58.0,59.0,62.0,62.0,37.0,46.0,45.0,5.0,5.0,7.0,13.0,14.0,Rodrigo Ely,Defender
62.0,77.0,left,medium,medium,56.0,52.0,31.0,65.0,53.0,71.0,58.0,54.0,57.0,70.0,70.0,65.0,71.0,51.0,69.0,56.0,65.0,52.0,41.0,60.0,58.0,35.0,47.0,62.0,49.0,32.0,39.0,35.0,5.0,5.0,7.0,13.0,14.0,Rodrigo Hernandez,Midfielder
66.0,79.0,right,medium,medium,67.0,28.0,64.0,62.0,29.0,62.0,53.0,34.0,50.0,65.0,73.0,74.0,66.0,65.0,64.0,44.0,68.0,68.0,72.0,31.0,54.0,64.0,54.0,41.0,39.0,65.0,69.0,66.0,10.0,14.0,6.0,6.0,11.0,Rodrigo,Forward
66.0,67.0,right,medium,medium,49.0,37.0,67.0,60.0,60.0,51.0,45.0,47.0,52.0,53.0,67.0,65.0,63.0,68.0,82.0,59.0,75.0,74.0,80.0,49.0,66.0,65.0,29.0,51.0,52.0,65.0,64.0,64.0,5.0,8.0,15.0,8.0,14.0,Roger,Forward
72.0,75.0,right,medium,medium,67.0,62.0,58.0,76.0,63.0,73.0,67.0,73.0,71.0,75.0,73.0,68.0,70.0,73.0,70.0,71.0,60.0,69.0,56.0,70.0,73.0,47.0,68.0,74.0,65.0,51.0,59.0,56.0,8.0,5.0,7.0,10.0,7.0,Rolando,Defender
67.0,67.0,right,high,medium,57.0,71.0,62.0,64.0,62.0,67.0,56.0,37.0,47.0,64.0,87.0,85.0,84.0,72.0,66.0,72.0,91.0,80.0,67.0,67.0,64.0,36.0,70.0,67.0,65.0,13.0,45.0,26.0,11.0,9.0,8.0,13.0,5.0,Roque Mesa,Midfielder
80.0,84.0,right,medium,medium,77.0,58.0,68.0,77.0,59.0,69.0,58.0,48.0,68.0,74.0,74.0,81.0,67.0,82.0,76.0,74.0,73.0,85.0,77.0,61.0,81.0,84.0,64.0,70.0,48.0,84.0,83.0,84.0,9.0,12.0,8.0,5.0,12.0,Sabin Merino,Forward
65.0,69.0,left,medium,medium,44.0,22.0,38.0,60.0,12.0,22.0,60.0,36.0,51.0,54.0,69.0,73.0,56.0,64.0,78.0,22.0,81.0,58.0,71.0,22.0,69.0,61.0,67.0,56.0,60.0,67.0,70.0,81.0,7.0,22.0,51.0,22.0,22.0,Samir,Defender
63.0,71.0,left,medium,medium,65.0,56.0,38.0,60.0,48.0,68.0,57.0,49.0,57.0,64.0,78.0,82.0,78.0,47.0,89.0,40.0,79.0,42.0,36.0,54.0,32.0,25.0,65.0,56.0,54.0,25.0,21.0,28.0,10.0,7.0,9.0,9.0,13.0,Sandro Ramirez,Forward
68.0,72.0,right,medium,medium,57.0,76.0,50.0,60.0,51.0,74.0,35.0,39.0,49.0,72.0,78.0,77.0,79.0,70.0,62.0,58.0,72.0,52.0,58.0,60.0,25.0,23.0,73.0,61.0,55.0,18.0,21.0,19.0,13.0,10.0,9.0,8.0,9.0,Sandro,Midfielder
67.0,70.0,right,medium,medium,55.0,68.0,52.0,61.0,49.0,69.0,33.0,37.0,47.0,66.0,81.0,78.0,76.0,77.0,61.0,61.0,69.0,63.0,54.0,56.0,23.0,21.0,78.0,59.0,53.0,16.0,19.0,17.0,12.0,9.0,8.0,7.0,8.0,Santi Mina,Forward
79.0,82.0,left,high,medium,80.0,54.0,72.0,80.0,58.0,80.0,72.0,59.0,76.0,81.0,79.0,82.0,73.0,82.0,64.0,78.0,77.0,85.0,75.0,70.0,79.0,80.0,72.0,67.0,61.0,68.0,78.0,82.0,5.0,5.0,12.0,14.0,9.0,Sergi Darder,Midfielder
78.0,82.0,left,high,medium,76.0,54.0,72.0,80.0,58.0,80.0,72.0,59.0,76.0,81.0,79.0,82.0,73.0,82.0,64.0,78.0,77.0,85.0,75.0,70.0,79.0,80.0,72.0,67.0,61.0,68.0,78.0,82.0,5.0,5.0,12.0,14.0,9.0,Sergi Enrich,Forward
79.0,82.0,left,high,medium,84.0,54.0,72.0,80.0,59.0,80.0,72.0,59.0,76.0,79.0,81.0,83.0,73.0,82.0,64.0,78.0,75.0,85.0,75.0,76.0,84.0,80.0,72.0,67.0,61.0,74.0,84.0,80.0,5.0,5.0,12.0,14.0,9.0,Sergi Roberto,Defender
64.0,73.0,left,high,medium,61.0,25.0,57.0,77.0,63.0,64.0,61.0,59.0,62.0,64.0,66.0,67.0,71.0,66.0,77.0,50.0,74.0,67.0,74.0,22.0,77.0,56.0,61.0,74.0,69.0,62.0,67.0,78.0,8.0,23.0,62.0,23.0,23.0,Sergio Asenjo,Goalkeeper
74.0,74.0,right,medium,medium,60.0,52.0,59.0,80.0,46.0,62.0,63.0,67.0,79.0,73.0,44.0,55.0,54.0,81.0,68.0,72.0,74.0,66.0,70.0,58.0,66.0,75.0,58.0,81.0,59.0,63.0,71.0,60.0,8.0,10.0,5.0,11.0,14.0,Sergio Busquets,Midfielder
73.0,73.0,right,medium,medium,60.0,52.0,59.0,80.0,46.0,62.0,63.0,67.0,79.0,73.0,48.0,55.0,52.0,81.0,68.0,72.0,71.0,64.0,66.0,58.0,66.0,75.0,58.0,81.0,59.0,63.0,71.0,60.0,8.0,10.0,5.0,11.0,14.0,Sergio Canales,Midfielder
73.0,73.0,right,medium,medium,60.0,52.0,59.0,80.0,46.0,62.0,63.0,67.0,79.0,73.0,48.0,55.0,52.0,81.0,68.0,72.0,71.0,64.0,66.0,58.0,66.0,75.0,58.0,81.0,59.0,63.0,71.0,60.0,8.0,10.0,5.0,11.0,14.0,Sergio Escudero,Defender
76.0,79.0,right,medium,medium,82.0,66.0,61.0,83.0,69.0,71.0,62.0,68.0,84.0,76.0,67.0,69.0,60.0,78.0,70.0,72.0,60.0,73.0,71.0,75.0,55.0,79.0,74.0,79.0,63.0,80.0,76.0,67.0,13.0,24.0,84.0,24.0,24.0,Sergio Ramos,Defender
74.0,78.0,right,medium,medium,78.0,65.0,60.0,79.0,69.0,70.0,62.0,57.0,78.0,75.0,73.0,68.0,60.0,77.0,70.0,71.0,60.0,72.0,70.0,74.0,54.0,74.0,73.0,79.0,62.0,76.0,75.0,67.0,13.0,24.0,78.0,24.0,24.0,Sergio Rico,Goalkeeper
64.0,78.0,right,medium,medium,60.0,55.0,44.0,53.0,45.0,73.0,65.0,50.0,52.0,72.0,84.0,77.0,61.0,51.0,69.0,50.0,64.0,50.0,43.0,66.0,45.0,38.0,52.0,49.0,58.0,18.0,25.0,24.0,5.0,6.0,12.0,9.0,6.0,Sidnei,Defender
60.0,66.0,left,medium,medium,59.0,43.0,54.0,53.0,31.0,70.0,41.0,42.0,46.0,63.0,69.0,74.0,61.0,42.0,47.0,72.0,65.0,72.0,84.0,56.0,61.0,56.0,47.0,55.0,36.0,64.0,58.0,64.0,15.0,6.0,13.0,11.0,7.0,Suso,Forward
71.0,71.0,right,medium,medium,56.0,71.0,72.0,55.0,66.0,65.0,59.0,56.0,26.0,70.0,77.0,78.0,66.0,60.0,65.0,82.0,76.0,77.0,78.0,76.0,70.0,31.0,60.0,61.0,74.0,25.0,31.0,25.0,7.0,8.0,15.0,11.0,11.0,Tana,Midfielder
65.0,81.0,left,medium,medium,42.0,68.0,55.0,68.0,67.0,75.0,68.0,53.0,54.0,79.0,79.0,69.0,86.0,56.0,84.0,65.0,81.0,64.0,51.0,51.0,39.0,21.0,64.0,66.0,61.0,12.0,31.0,16.0,10.0,13.0,9.0,6.0,14.0,Thiago Silva,Defender
64.0,71.0,right,high,high,54.0,56.0,41.0,59.0,43.0,67.0,55.0,56.0,55.0,65.0,85.0,86.0,81.0,62.0,80.0,82.0,82.0,73.0,71.0,68.0,70.0,24.0,59.0,57.0,53.0,27.0,31.0,26.0,11.0,12.0,5.0,11.0,10.0,Thomas,Midfielder
62.0,72.0,right,high,medium,55.0,55.0,42.0,65.0,59.0,65.0,61.0,63.0,62.0,66.0,64.0,70.0,72.0,63.0,82.0,61.0,62.0,65.0,43.0,54.0,70.0,55.0,67.0,59.0,62.0,58.0,61.0,53.0,15.0,5.0,7.0,5.0,8.0,Tito,Defender
76.0,77.0,left,medium,medium,71.0,60.0,70.0,82.0,53.0,82.0,81.0,55.0,77.0,84.0,77.0,76.0,79.0,75.0,78.0,78.0,75.0,40.0,68.0,57.0,68.0,68.0,74.0,75.0,62.0,64.0,70.0,65.0,12.0,11.0,13.0,8.0,12.0,Unai Bustinza,Defender
78.0,78.0,right,high,medium,84.0,56.0,59.0,70.0,44.0,75.0,81.0,61.0,76.0,78.0,78.0,80.0,71.0,80.0,69.0,70.0,67.0,85.0,76.0,65.0,73.0,79.0,72.0,63.0,60.0,79.0,78.0,81.0,15.0,14.0,8.0,9.0,5.0,Verza,Midfielder
77.0,77.0,right,high,medium,84.0,56.0,59.0,66.0,44.0,68.0,81.0,61.0,76.0,77.0,75.0,77.0,66.0,80.0,65.0,70.0,60.0,85.0,76.0,65.0,73.0,79.0,66.0,61.0,60.0,79.0,78.0,81.0,15.0,14.0,8.0,9.0,5.0,Vicente Iborra,Midfielder
64.0,68.0,right,high,medium,64.0,55.0,57.0,59.0,48.0,68.0,52.0,66.0,54.0,62.0,78.0,81.0,62.0,70.0,63.0,64.0,52.0,63.0,66.0,66.0,43.0,32.0,54.0,62.0,58.0,37.0,34.0,28.0,10.0,13.0,11.0,6.0,11.0,Victor Laguardia,Defender
68.0,69.0,right,medium,low,72.0,54.0,55.0,63.0,70.0,68.0,75.0,72.0,66.0,74.0,71.0,70.0,78.0,64.0,74.0,66.0,70.0,91.0,72.0,64.0,37.0,42.0,58.0,62.0,58.0,43.0,55.0,52.0,15.0,8.0,6.0,11.0,7.0,Vieirinha,Midfielder
69.0,78.0,right,medium,medium,65.0,40.0,60.0,70.0,44.0,62.0,59.0,41.0,67.0,67.0,69.0,70.0,67.0,68.0,64.0,59.0,64.0,75.0,73.0,62.0,68.0,69.0,57.0,63.0,42.0,70.0,72.0,68.0,13.0,5.0,6.0,11.0,7.0,Vitolo,Midfielder
62.0,78.0,left,medium,medium,73.0,41.0,59.0,66.0,60.0,74.0,54.0,51.0,41.0,71.0,76.0,68.0,73.0,63.0,65.0,64.0,63.0,58.0,44.0,57.0,34.0,57.0,61.0,73.0,38.0,23.0,23.0,36.0,11.0,20.0,41.0,20.0,20.0,Wendell,Defender
69.0,73.0,right,medium,high,49.0,57.0,58.0,68.0,38.0,71.0,40.0,49.0,62.0,69.0,73.0,75.0,73.0,67.0,78.0,63.0,64.0,79.0,67.0,48.0,87.0,69.0,67.0,65.0,52.0,73.0,66.0,62.0,13.0,13.0,12.0,14.0,10.0,William Carvalho,Midfielder
69.0,73.0,right,medium,high,49.0,57.0,58.0,68.0,38.0,71.0,40.0,49.0,62.0,69.0,73.0,75.0,73.0,67.0,78.0,63.0,64.0,79.0,67.0,48.0,87.0,69.0,67.0,65.0,52.0,73.0,66.0,62.0,13.0,13.0,12.0,14.0,10.0,William Carvalho,Forward
57.0,62.0,left,high,medium,55.0,33.0,43.0,55.0,36.0,58.0,41.0,30.0,51.0,56.0,81.0,80.0,63.0,62.0,61.0,60.0,71.0,73.0,71.0,53.0,66.0,63.0,51.0,48.0,31.0,47.0,53.0,51.0,9.0,8.0,6.0,9.0,8.0,Willian,Midfielder
73.0,75.0,right,medium,medium,61.0,59.0,47.0,76.0,61.0,71.0,73.0,54.0,76.0,77.0,73.0,72.0,73.0,72.0,66.0,80.0,67.0,76.0,71.0,74.0,77.0,65.0,69.0,72.0,62.0,57.0,63.0,56.0,7.0,15.0,12.0,5.0,12.0,Xabier Etxeita,Defender
66.0,73.0,right,medium,medium,63.0,61.0,50.0,60.0,66.0,70.0,66.0,41.0,56.0,67.0,73.0,76.0,68.0,70.0,61.0,63.0,67.0,60.0,67.0,69.0,32.0,23.0,61.0,58.0,60.0,28.0,26.0,35.0,12.0,14.0,8.0,6.0,15.0,Ximo Navarro,Defender
80.0,87.0,right,medium,medium,61.0,68.0,69.0,86.0,63.0,86.0,81.0,68.0,80.0,84.0,74.0,73.0,69.0,76.0,64.0,77.0,65.0,78.0,84.0,73.0,80.0,70.0,73.0,82.0,55.0,65.0,75.0,58.0,12.0,9.0,6.0,14.0,8.0,Yoel Rodriguez,Goalkeeper
65.0,73.0,left,medium,medium,67.0,59.0,46.0,64.0,48.0,66.0,52.0,49.0,59.0,68.0,68.0,72.0,69.0,61.0,67.0,67.0,73.0,78.0,77.0,50.0,51.0,26.0,62.0,53.0,45.0,29.0,29.0,25.0,13.0,13.0,12.0,14.0,10.0,Yuri Berchiche,Defender
